stage,index,millis,note
chunk_acquire,0,15.5355,had_to_load
snapshot,0,1.2763,had_to_load
column_scan,0,5.8261,unsafe
chunk_acquire,1,21.4899,had_to_load
snapshot,1,1.3678,had_to_load
column_scan,1,11.7164,safe
chunk_acquire,2,19.1499,had_to_load
snapshot,2,0.1614,had_to_load
column_scan,2,0.3964,unsafe
chunk_acquire,3,14.4151,had_to_load
snapshot,3,0.1288,had_to_load
column_scan,3,0.1085,unsafe
chunk_acquire,4,14.6323,had_to_load
snapshot,4,0.1134,had_to_load
column_scan,4,0.4855,unsafe
chunk_acquire,5,14.5097,had_to_load
snapshot,5,0.1239,had_to_load
column_scan,5,0.1172,unsafe
chunk_acquire,6,15.7164,had_to_load
snapshot,6,0.1358,had_to_load
column_scan,6,0.2537,unsafe
chunk_acquire,7,45.9306,had_to_load
snapshot,7,0.1291,had_to_load
column_scan,7,0.2591,unsafe
chunk_acquire,8,7.9855,had_to_load
snapshot,8,0.0964,had_to_load
column_scan,8,0.1852,unsafe
chunk_acquire,9,3.0402,had_to_load
snapshot,9,0.0994,had_to_load
column_scan,9,0.2289,unsafe
chunk_acquire,10,4.3355,had_to_load
snapshot,10,0.1165,had_to_load
column_scan,10,0.2010,unsafe
chunk_acquire,11,4.2603,had_to_load
snapshot,11,0.2501,had_to_load
column_scan,11,0.1895,unsafe
chunk_acquire,12,6.1893,had_to_load
snapshot,12,0.1168,had_to_load
column_scan,12,0.1853,unsafe
chunk_acquire,13,19.7247,had_to_load
snapshot,13,0.0901,had_to_load
column_scan,13,0.2159,unsafe
chunk_acquire,14,14.9063,had_to_load
snapshot,14,0.1974,had_to_load
column_scan,14,0.2634,unsafe
chunk_acquire,15,15.8674,had_to_load
snapshot,15,0.0953,had_to_load
column_scan,15,0.1694,unsafe
chunk_acquire,16,5.0228,had_to_load
snapshot,16,0.0955,had_to_load
column_scan,16,0.1118,unsafe
chunk_acquire,17,17.0617,had_to_load
snapshot,17,0.1261,had_to_load
column_scan,17,0.2534,safe
chunk_acquire,18,4.1629,had_to_load
snapshot,18,0.0895,had_to_load
column_scan,18,0.1851,unsafe
chunk_acquire,19,5.6311,had_to_load
snapshot,19,0.0772,had_to_load
column_scan,19,0.1698,unsafe
chunk_acquire,20,9.6970,had_to_load
snapshot,20,1.9291,had_to_load
column_scan,20,0.2283,unsafe
chunk_acquire,21,11.6743,had_to_load
snapshot,21,0.0995,had_to_load
column_scan,21,0.1980,unsafe
chunk_acquire,22,5.7783,had_to_load
snapshot,22,0.0850,had_to_load
column_scan,22,0.1025,unsafe
chunk_acquire,23,22.6822,had_to_load
snapshot,23,0.0916,had_to_load
column_scan,23,0.1904,unsafe
chunk_acquire,24,3.9822,had_to_load
snapshot,24,0.1135,had_to_load
column_scan,24,0.3213,unsafe
chunk_acquire,25,2.2476,had_to_load
snapshot,25,0.0849,had_to_load
column_scan,25,0.1091,unsafe
chunk_acquire,26,14.0723,had_to_load
snapshot,26,0.0880,had_to_load
column_scan,26,0.2952,unsafe
chunk_acquire,27,12.1512,had_to_load
snapshot,27,0.1101,had_to_load
column_scan,27,0.2468,safe
chunk_acquire,28,18.1454,had_to_load
snapshot,28,0.0940,had_to_load
column_scan,28,0.8453,unsafe
chunk_acquire,29,13.0750,had_to_load
snapshot,29,0.0844,had_to_load
column_scan,29,0.0952,unsafe
chunk_acquire,30,14.8383,had_to_load
snapshot,30,0.0825,had_to_load
column_scan,30,0.0943,unsafe
chunk_acquire,31,15.5658,had_to_load
snapshot,31,0.0819,had_to_load
column_scan,31,1.4161,unsafe
chunk_acquire,32,32.9350,had_to_load
snapshot,32,0.0864,had_to_load
column_scan,32,0.1067,unsafe
chunk_acquire,33,11.0712,had_to_load
snapshot,33,0.1074,had_to_load
column_scan,33,0.2103,unsafe
chunk_acquire,34,15.0987,had_to_load
snapshot,34,0.0826,had_to_load
column_scan,34,0.1419,unsafe
chunk_acquire,35,15.3005,had_to_load
snapshot,35,0.1755,had_to_load
column_scan,35,0.1139,unsafe
chunk_acquire,36,14.7803,had_to_load
snapshot,36,0.0998,had_to_load
column_scan,36,0.1474,unsafe
chunk_acquire,37,15.2707,had_to_load
snapshot,37,0.1563,had_to_load
column_scan,37,0.1482,unsafe
chunk_acquire,38,16.3191,had_to_load
snapshot,38,0.1187,had_to_load
column_scan,38,0.1069,unsafe
chunk_acquire,39,14.7242,had_to_load
snapshot,39,0.1367,had_to_load
column_scan,39,0.1484,unsafe
chunk_acquire,40,2.4950,had_to_load
snapshot,40,0.0736,had_to_load
column_scan,40,0.0940,unsafe
chunk_acquire,41,2.6706,had_to_load
snapshot,41,0.0849,had_to_load
column_scan,41,0.1257,unsafe
chunk_acquire,42,13.9095,had_to_load
snapshot,42,0.1162,had_to_load
column_scan,42,0.2151,unsafe
chunk_acquire,43,14.8892,had_to_load
snapshot,43,0.0806,had_to_load
column_scan,43,0.0905,unsafe
chunk_acquire,44,14.9169,had_to_load
snapshot,44,0.0760,had_to_load
column_scan,44,0.1902,unsafe
chunk_acquire,45,15.4295,had_to_load
snapshot,45,0.0931,had_to_load
column_scan,45,0.1541,unsafe
chunk_acquire,46,1.6183,had_to_load
snapshot,46,0.0569,had_to_load
column_scan,46,0.0999,safe
chunk_acquire,47,1.6137,had_to_load
snapshot,47,0.0620,had_to_load
column_scan,47,0.1003,unsafe
chunk_acquire,48,8.2534,had_to_load
snapshot,48,0.0757,had_to_load
column_scan,48,0.0852,unsafe
chunk_acquire,49,1.7565,had_to_load
snapshot,49,0.0777,had_to_load
column_scan,49,0.1037,unsafe
chunk_acquire,50,13.7981,had_to_load
snapshot,50,0.0819,had_to_load
column_scan,50,0.1286,unsafe
chunk_acquire,51,15.0180,had_to_load
snapshot,51,0.0680,had_to_load
column_scan,51,0.0903,unsafe
chunk_acquire,52,14.6062,had_to_load
snapshot,52,0.0727,had_to_load
column_scan,52,0.0874,unsafe
chunk_acquire,53,15.2989,had_to_load
snapshot,53,0.6889,had_to_load
column_scan,53,0.1099,unsafe
chunk_acquire,54,14.5080,had_to_load
snapshot,54,0.0788,had_to_load
column_scan,54,0.0880,unsafe
chunk_acquire,55,2.2295,had_to_load
snapshot,55,0.0594,had_to_load
column_scan,55,0.1456,unsafe
chunk_acquire,56,10.3866,had_to_load
snapshot,56,0.1479,had_to_load
column_scan,56,0.1431,unsafe
chunk_acquire,57,14.6435,had_to_load
snapshot,57,0.1134,had_to_load
column_scan,57,0.1665,safe
chunk_acquire,58,1.5003,had_to_load
snapshot,58,0.0655,had_to_load
column_scan,58,0.0993,unsafe
chunk_acquire,59,1.7922,had_to_load
snapshot,59,0.0703,had_to_load
column_scan,59,0.1198,unsafe
chunk_acquire,60,2.0011,had_to_load
snapshot,60,0.0565,had_to_load
column_scan,60,0.1056,safe
chunk_acquire,61,13.0561,had_to_load
snapshot,61,0.0818,had_to_load
column_scan,61,0.0888,unsafe
chunk_acquire,62,2.6023,had_to_load
snapshot,62,0.0751,had_to_load
column_scan,62,0.1331,unsafe
chunk_acquire,63,7.7470,had_to_load
snapshot,63,0.0755,had_to_load
column_scan,63,0.2934,unsafe
load_burst,0,14548.167,burst
load_capped,0,8674.279,capped
load_burst,1,15002.778,burst
load_capped,1,8811.291,capped
load_burst,2,15002.795,burst
load_capped,2,8680.411,capped
load_burst,3,15113.660,burst
load_capped,3,8676.889,capped
load_burst,4,16365.468,burst
load_capped,4,8676.048,capped
load_burst,5,15111.163,burst
load_capped,5,8721.278,capped
load_burst,6,15157.667,burst
load_capped,6,8727.819,capped
load_burst,7,15343.060,burst
load_capped,7,8676.484,capped
load_burst,8,15286.334,burst
load_capped,8,2397.630,capped
load_burst,9,15343.564,burst
load_capped,9,3202.494,capped
load_burst,10,15365.224,burst
load_capped,10,2354.496,capped
load_burst,11,15366.555,burst
load_capped,11,2730.074,capped
load_burst,12,15383.617,burst
load_capped,12,2677.799,capped
load_burst,13,15346.198,burst
load_capped,13,2612.464,capped
load_burst,14,16364.407,burst
load_capped,14,3260.868,capped
load_burst,15,16364.449,burst
load_capped,15,2939.064,capped
load_burst,16,16364.427,burst
load_capped,16,2333.554,capped
load_burst,17,16364.490,burst
load_capped,17,2532.082,capped
load_burst,18,16364.471,burst
load_capped,18,2225.391,capped
load_burst,19,16364.445,burst
load_capped,19,2883.204,capped
load_burst,20,16364.452,burst
load_capped,20,2622.143,capped
load_burst,21,16364.556,burst
load_capped,21,3450.315,capped
load_burst,22,16364.483,burst
load_capped,22,2488.738,capped
load_burst,23,16364.541,burst
load_capped,23,2505.601,capped
load_burst,24,16364.509,burst
load_capped,24,2445.724,capped
load_burst,25,16364.482,burst
load_capped,25,2365.290,capped
load_burst,26,16364.522,burst
load_capped,26,2366.224,capped
load_burst,27,16364.573,burst
load_capped,27,2273.776,capped
load_burst,28,16365.279,burst
load_capped,28,2501.944,capped
load_burst,29,16364.539,burst
load_capped,29,2459.443,capped
load_burst,30,16364.608,burst
load_capped,30,2401.567,capped
load_burst,31,16365.247,burst
load_capped,31,2550.193,capped
load_burst,32,16364.547,burst
load_capped,32,2457.086,capped
load_burst,33,16364.619,burst
load_capped,33,3373.726,capped
load_burst,34,16364.562,burst
load_capped,34,2424.760,capped
load_burst,35,16364.604,burst
load_capped,35,4418.773,capped
load_burst,36,16364.636,burst
load_capped,36,2477.991,capped
load_burst,37,16364.700,burst
load_capped,37,2402.143,capped
load_burst,38,16364.704,burst
load_capped,38,2366.230,capped
load_burst,39,16365.134,burst
load_capped,39,2861.935,capped
load_burst,40,16364.633,burst
load_capped,40,2990.098,capped
load_burst,41,16364.680,burst
load_capped,41,2651.933,capped
load_burst,42,16365.228,burst
load_capped,42,2492.532,capped
load_burst,43,16364.545,burst
load_capped,43,2472.600,capped
load_burst,44,16364.629,burst
load_capped,44,3164.067,capped
load_burst,45,16364.635,burst
load_capped,45,2681.760,capped
load_burst,46,15380.143,burst
load_capped,46,2291.046,capped
load_burst,47,16365.188,burst
load_capped,47,2599.252,capped
load_burst,48,15380.447,burst
load_capped,48,2873.059,capped
load_burst,49,15365.573,burst
load_capped,49,2696.096,capped
load_burst,50,16365.165,burst
load_capped,50,2470.977,capped
load_burst,51,15379.815,burst
load_capped,51,2489.666,capped
load_burst,52,16317.411,burst
load_capped,52,2459.242,capped
load_burst,53,15370.244,burst
load_capped,53,2363.461,capped
load_burst,54,15380.708,burst
load_capped,54,2304.289,capped
load_burst,55,16364.471,burst
load_capped,55,2310.764,capped
load_burst,56,16364.424,burst
load_capped,56,2296.460,capped
load_burst,57,16364.625,burst
load_capped,57,2248.728,capped
load_burst,58,16364.614,burst
load_capped,58,2317.856,capped
load_burst,59,16365.122,burst
load_capped,59,2305.230,capped
load_burst,60,16365.088,burst
load_capped,60,2231.091,capped
load_burst,61,16365.140,burst
load_capped,61,2127.528,capped
load_burst,62,16364.593,burst
load_capped,62,1896.555,capped
load_burst,63,16365.120,burst
load_capped,63,1546.284,capped
